<?xml version="1.0" encoding="UTF-8"?>
<project-private xmlns="http://www.netbeans.org/ns/project-private/1">
    <editor-bookmarks xmlns="http://www.netbeans.org/ns/editor-bookmarks/2" lastBookmarkId="0"/>
    <open-files xmlns="http://www.netbeans.org/ns/projectui-open-files/2">
        <group>
            <file>file:/C:/Users/PAKIZA/Desktop/MazeRunner_2/src/Maze_DS/Mouse.java</file>
            <file>file:/C:/Users/PAKIZA/Desktop/MazeRunner_2/src/Maze_DS/TestMain.java</file>
            <file>file:/C:/Users/PAKIZA/Desktop/MazeRunner_2/src/DataStructures/CollectionADT.java</file>
            <file>file:/C:/Users/PAKIZA/Desktop/MazeRunner_2/src/DataStructures/StackADT.java</file>
            <file>file:/C:/Users/PAKIZA/Desktop/MazeRunner_2/src/Maze_DS/ArrayListStack.java</file>
            <file>file:/C:/Users/PAKIZA/Desktop/MazeRunner_2/src/Maze_DS/MazeRunner.java</file>
            <file>file:/C:/Users/PAKIZA/Desktop/MazeRunner_2/src/DataStructures/EmptyCollectionException.java</file>
        </group>
    </open-files>
</project-private>
